<core:FragmentDefinition xmlns:core="sap.ui.core" xmlns:smi="sap.ui.comp.smartmultiinput" xmlns="sap.m" xmlns:form="sap.ui.layout.form" xmlns:smartField="sap.ui.comp.smartfield">
    <Dialog title="{i18n>seleccion}" showHeader="true" contentWidth="30%" >
        <form:SimpleForm editable="true">        
            <Label text="{i18n>proceso}" required="true"/>
            <Select selectedKey="{_proceso}"  id="proceso" change="onChangeProceso">
                <items>
                    <core:Item key="0" text="{i18n>facturacion}"/>
                    <core:Item key="1" text="{i18n>rectificacionBIREGE}"/>
                    <core:Item key="2" text="{i18n>rectificacionFact}"/>
                    <core:Item key="3" text="{i18n>regularizacion}"/>
                </items>
            </Select>
            <Label text="{i18n>periodo}"  required="true"/>
            <Input  id="periodo" maxLength="2" value="{ZregeMes}" change="onChangeMes"></Input>
            <Label text="{i18n>anio}"  required="true"/>
            <Input  id="anio" maxLength="4"  value="{ZregeYear}" change="onChangeYear"></Input>
            <Label text="{i18n>socEmisora}" required="true"/>
            <smartField:SmartField id="socEmisora" entitySet="ZCMSD_REGE_MONF"  fixedValueListValidationEnabled="true"  value="{ZsocEmisora}"/>
            <Label text="{i18n>socReceptora}" required="true"/>
            <VBox>
                <Label text="-" visible="{= ${ZsocEmisora} === '' || ${ZsocEmisora} === undefined || ${ZregeMes} === '' || ${ZregeMes} === undefined || ${ZregeYear} === '' || ${ZregeYear} === undefined}"/>
                <smi:SmartMultiInput id="socReceptora" visible="{= (${_proceso} === '0' || ${_proceso} === undefined) &amp;&amp; (${ZsocEmisora} !== '' &amp;&amp; ${ZsocEmisora} !== undefined &amp;&amp; ${ZsocEmisora} !== '0073')  &amp;&amp; (${ZregeMes} !== '' &amp;&amp; ${ZregeMes} !== undefined) &amp;&amp; (${ZregeYear} !== '' &amp;&amp; ${ZregeYear} !== undefined) }" entitySet="ZCMSD_REGE_MONF" fixedValueListValidationEnabled="true"  value="{zsoc_receptora_filtrada}"/>
                <smi:SmartMultiInput id="socReceptoraCesvimad" visible="{= (${_proceso} === '0' || ${_proceso} === undefined) &amp;&amp; (${ZsocEmisora} !== '' &amp;&amp; ${ZsocEmisora} !== undefined &amp;&amp; ${ZsocEmisora} === '0073')  &amp;&amp; (${ZregeMes} !== '' &amp;&amp; ${ZregeMes} !== undefined) &amp;&amp; (${ZregeYear} !== '' &amp;&amp; ${ZregeYear} !== undefined) }" entitySet="ZCMSD_REGE_MONF" fixedValueListValidationEnabled="true"  value="{zsoc_receptora_fCesvimad}"/>
                <smi:SmartMultiInput id="socReceptoraHist" visible="{= (${_proceso} === '1' || ${_proceso} === '2' || ${_proceso} === '3')  &amp;&amp; (${ZsocEmisora} !== '' &amp;&amp; ${ZsocEmisora} !== undefined)  &amp;&amp; (${ZregeMes} !== '' &amp;&amp; ${ZregeMes} !== undefined) &amp;&amp; (${ZregeYear} !== '' &amp;&amp; ${ZregeYear} !== undefined) }" entitySet="ZCMSD_REGE_MONF" fixedValueListValidationEnabled="true"  value="{zsoc_receptora_filtradaHist}"/>
            </VBox>
        </form:SimpleForm>
        <buttons>
            <Button text="{i18n>continuar}" press="onContinuarDetalle"/>
            <Button text="{i18n>cancelar}" press="onCancelarApp"/>
        </buttons>
    </Dialog>
</core:FragmentDefinition>