<core:FragmentDefinition xmlns="sap.ui.comp.valuehelpdialog"
	xmlns:m="sap.m"
	xmlns:fb="sap.ui.comp.filterbar"
	xmlns:core="sap.ui.core">
    <ValueHelpDialog
			title="{i18n>}"
			ok=".onValueHelpWithSuggestionsOkPress"
			cancel=".onValueHelpWithSuggestionsCancelPress"
			afterClose=".onValueHelpWithSuggestionsAfterClose"
			supportRanges="true"
			key="ProductCode"
			descriptionKey="ProductName">
		<filterBar>
			<fb:FilterBar advancedMode="true" search=".onFilterBarWithSuggestionsSearch" isRunningInValueHelpDialog="true">
				<fb:filterGroupItems>
					<fb:FilterGroupItem
						groupName="__$INTERNAL$"
						name="sociedad"
						label="{i18n>sociedad}"
						visibleInFilterBar="true">
						<fb:control>
							<m:Input name="ZsocEmisora" />
						</fb:control>
					</fb:FilterGroupItem>
					<fb:FilterGroupItem
						groupName="__$INTERNAL$"
						name="butxt"
						label="{i18n>denSociedadEmisora}"
						visibleInFilterBar="true">
						<fb:control>
							<m:Input name="butxt" />
						</fb:control>
					</fb:FilterGroupItem>
				</fb:filterGroupItems>
			</fb:FilterBar>
		</filterBar>

	</ValueHelpDialog>
</core:FragmentDefinition>